ngpus,wall_s,per_process_avg_s
1,1.578676,4000.000000
2,1.730490,4000.000000
4,1.962335,4000.000000
